Date,Session,RealTime,LoginName,Command,OrderID,BrandName,NewRepay,SellBuy,MarketLimit,Price,Volume,RandomNumber
1,6,Tue Jul 14 00:07:51 JST 2015,URandomAgent,Request,68,j30,1,1,2,2036,38,1542603436
1,6,Tue Jul 14 00:07:51 JST 2015,SRandomStrategy0000,Request,69,j30,1,2,2,1989,36,1988388716
1,6,Tue Jul 14 00:07:51 JST 2015,SRandomStrategy0001,Request,70,j30,1,1,2,2018,22,1177882237
1,6,Tue Jul 14 00:07:51 JST 2015,SRandomStrategy0002,Request,71,j30,1,2,2,1995,22,19265476
1,6,Tue Jul 14 00:07:51 JST 2015,SFSpreadStrategy1,Request,72,j30,1,1,2,1986,12,1430871151
1,6,Tue Jul 14 00:07:51 JST 2015,SFSpreadStrategy2,Request,73,j30,1,1,2,2006,28,307082914
1,6,Tue Jul 14 00:07:51 JST 2015,DayTradeStrategy1,Request,74,j30,1,2,2,2015,46,1333570194
1,6,Tue Jul 14 00:07:51 JST 2015,DayTradeStrategy1,Request,75,j30,1,1,2,2056,24,1496453452
1,6,Tue Jul 14 00:07:51 JST 2015,DayTradeStrategy2,Request,76,j30,1,2,2,2015,25,790542135
1,6,Tue Jul 14 00:07:51 JST 2015,DayTradeStrategy2,Request,77,j30,1,1,2,2056,39,1455004595
